{"cameraMode":{"drawMode":0,"name":"Shaded","section":"Shading Mode"},"sceneLighting":false,"audioPlay":false,"sceneViewState":{"showFog":true,"showMaterialUpdate":false,"showSkybox":true,"showFlares":true,"showImageEffects":true,"showParticleSystems":true},"in2DMode":false,"pivot":{"x":472.04254150390627,"y":6.018307209014893,"z":594.05078125},"rotation":{"x":-0.2445572018623352,"y":0.03516218438744545,"z":-0.008852275088429451,"w":-0.9690243005752564},"size":119.81072998046875,"orthographic":false}