{"cameraMode":{"drawMode":0,"name":"Shaded","section":"Shading Mode"},"sceneLighting":false,"audioPlay":false,"sceneViewState":{"showFog":true,"showMaterialUpdate":false,"showSkybox":false,"showFlares":true,"showImageEffects":true,"showParticleSystems":true},"in2DMode":false,"pivot":{"x":2.384185791015625e-7,"y":0.493044912815094,"z":-0.15720415115356446},"rotation":{"x":-0.1590406894683838,"y":0.6118000149726868,"z":-0.12744125723838807,"w":-0.76448655128479},"size":10.377360343933106,"orthographic":false}