{"cameraMode":{"drawMode":0,"name":"Shaded","section":"Shading Mode"},"sceneLighting":false,"audioPlay":false,"sceneViewState":{"showFog":true,"showMaterialUpdate":false,"showSkybox":false,"showFlares":true,"showImageEffects":true,"showParticleSystems":true},"in2DMode":false,"pivot":{"x":480.10943603515627,"y":1.228715419769287,"z":2910.012939453125},"rotation":{"x":-0.1590406894683838,"y":0.6118000149726868,"z":-0.12744125723838807,"w":-0.76448655128479},"size":10.619197845458985,"orthographic":false}