{"cameraMode":{"drawMode":0,"name":"Shaded","section":"Shading Mode"},"sceneLighting":false,"audioPlay":false,"sceneViewState":{"showFog":true,"showMaterialUpdate":false,"showSkybox":true,"showFlares":true,"showImageEffects":true,"showParticleSystems":true},"in2DMode":false,"pivot":{"x":488.8999938964844,"y":5.5,"z":410.29998779296877},"rotation":{"x":-0.24502891302108766,"y":0.06614598631858826,"z":-0.017123974859714509,"w":-0.9673265814781189},"size":6.373115062713623,"orthographic":false}