{"cameraMode":{"drawMode":0,"name":"Shaded","section":"Shading Mode"},"sceneLighting":false,"audioPlay":false,"sceneViewState":{"showFog":true,"showMaterialUpdate":false,"showSkybox":true,"showFlares":true,"showImageEffects":true,"showParticleSystems":true},"in2DMode":false,"pivot":{"x":484.80853271484377,"y":-2.4157750606536867,"z":427.32623291015627},"rotation":{"x":-0.24370446801185609,"y":0.032278865575790408,"z":-0.008095351979136467,"w":-0.9693261981010437},"size":45.80336380004883,"orthographic":false}