{"cameraMode":{"drawMode":0,"name":"Shaded","section":"Shading Mode"},"sceneLighting":false,"audioPlay":false,"sceneViewState":{"showFog":true,"showMaterialUpdate":false,"showSkybox":false,"showFlares":true,"showImageEffects":true,"showParticleSystems":true},"in2DMode":false,"pivot":{"x":-0.9799690246582031,"y":2.9769654273986818,"z":2.2571444511413576},"rotation":{"x":-0.1720310002565384,"y":-0.07864555716514588,"z":0.013537256047129631,"w":-0.9819627404212952},"size":9.404027938842774,"orthographic":false}