{"cameraMode":{"drawMode":0,"name":"Shaded","section":"Shading Mode"},"sceneLighting":false,"audioPlay":false,"sceneViewState":{"showFog":true,"showMaterialUpdate":false,"showSkybox":true,"showFlares":true,"showImageEffects":true,"showParticleSystems":true},"in2DMode":false,"pivot":{"x":463.03216552734377,"y":9.279003143310547,"z":2905.88232421875},"rotation":{"x":0.14825865626335145,"y":-0.768104076385498,"z":0.19250814616680146,"w":0.5926080942153931},"size":5.006788730621338,"orthographic":false}