{"cameraMode":{"drawMode":0,"name":"Shaded","section":"Shading Mode"},"sceneLighting":false,"audioPlay":false,"sceneViewState":{"showFog":true,"showMaterialUpdate":false,"showSkybox":true,"showFlares":true,"showImageEffects":true,"showParticleSystems":true},"in2DMode":false,"pivot":{"x":418.40447998046877,"y":-9.61813735961914,"z":2945.782958984375},"rotation":{"x":-0.0015724808908998967,"y":0.9769309163093567,"z":-0.2140665352344513,"w":-0.007701954338699579},"size":36.27033233642578,"orthographic":false}