{"cameraMode":{"drawMode":0,"name":"Shaded","section":"Shading Mode"},"sceneLighting":false,"audioPlay":false,"sceneViewState":{"showFog":true,"showMaterialUpdate":false,"showSkybox":true,"showFlares":true,"showImageEffects":true,"showParticleSystems":true},"in2DMode":false,"pivot":{"x":488.0953674316406,"y":4.006618499755859,"z":402.2088623046875},"rotation":{"x":-0.219468891620636,"y":-0.2380611151456833,"z":0.05531458184123039,"w":-0.9445165395736694},"size":58.272369384765628,"orthographic":false}